{
  "RequiredFirstName" : "First Name cannot be empty",
  "RequiredLastName" : "Last Name cannot be empty",
  "InvalidEmail": "Invalid Email Address",
  "InvalidPhone": "Invalid Phone Number",
  "RequiredEmail": "Email Address cannot be empty",
  "SelectTerms": "Please select you agree to LoopDASH's Terms of Use and Privacy Policy",
  "RequiredPassword" : "Password cannot be empty",
  "DefaultError" : "Something went wrong. Please refresh the page or try again later",
  "ErrorOccurred": "Error occurred while processing your request",
  "ItemAlreadyExist": "Item already exist"
}